"user_id","marks"
128,115
770,95
910,85
1087,90
583,98
927,110
1127,60
932,100
978,90
979,80
145,80
669,111
854,110
1105,70
1106,70
707,80
807,100
745,135
853,80
470,100
686,120
689,121
316,86
775,130
868,70
720,67
760,120
862,61
295,95
632,55
296,95
159,100
773,120
1126,75
731,105
146,120
756,44
684,55
870,90
473,70
438,55
1036,75
1092,115
1054,71
1037,110
517,105
570,80
1073,100
1038,90
1039,98
875,74
1157,76
869,108
1151,105
660,105
1047,90
1046,87
1133,75
649,105
1072,66
831,90
541,100
848,30
312,115
621,75
782,89
1058,79
1057,70
836,85
996,85
784,110
877,25
735,40
627,15
1139,54
501,71
695,71
906,100
67,95
810,50
538,70
484,110
703,100
389,75
788,60
873,105
647,75
500,45
644,102
321,100
656,115
466,101
718,42
523,110
1137,65
1064,115
1112,84
420,120
434,60
819,125
1091,80
1001,90
710,105
821,56
671,110
421,75
1138,75
1145,20
1170,50
867,75
866,65
1005,60
1136,80
331,120
1114,65
1113,110
1060,65
829,95
1024,100
1171,95
542,80
837,105
180,115
1067,55
691,85
690,95
787,85
844,105
527,75
1063,80
1096,65
1097,80
1176,59
940,100
1031,115
1177,23
791,34
886,70
820,30
1074,71
645,103
876,65
872,80
1045,85
1055,51
805,110
1027,40
89,75
648,73
634,100
894,90
635,25
595,90
949,95
785,85
1081,90
571,75
445,107
1107,88
1167,90
359,120
1140,110
1079,73
1103,36
1098,120
1099,75
1104,60
1076,50
1075,40
1132,67
569,68
1044,90
706,72
1069,62
1070,60
1071,75
1120,95
1183,85
843,135
900,70
865,70
847,76
526,90
499,30
833,90
1110,95
734,95
883,65
721,110
528,86
1061,105
578,85
1117,25
668,40
698,55
676,45
1186,37
320,75
704,80
355,95
607,65
795,50
459,75
1109,115
629,120
972,45
973,95
587,80
1108,90
909,95
356,80
310,105
1190,55
448,25
794,86
1048,75
1050,71
1095,40
1078,20
777,121
401,100
892,76
519,105
1033,101
1083,94
679,50
426,95
1193,50
958,85
687,110
728,47
1192,80
1034,87
61,75
796,85
623,60
368,90
1195,63
729,110
789,75
808,110
1156,57
1134,45
1004,50
639,77
1111,60
640,91
1090,70
641,98
1089,113
1049,35
1003,45
1040,90
840,90
524,80
1032,40
1085,80
1084,90
1077,50
637,84
1056,90
803,105
824,60
893,85
1043,90
881,89
1174,90
615,45
998,94
997,84
980,95
670,120
1203,55
563,100
801,95
726,76
783,75
682,120
1124,120
793,30
1116,96
599,75
481,15
715,36
713,61
653,62
688,50
1159,54
1207,81
1208,80
907,75
1088,70
1152,55
604,100
516,110
301,60
769,120
880,75
879,87
506,90
986,95
1029,105
548,61
839,105
1150,85
622,70
1035,55
712,61
693,75
443,100
725,105
993,70
991,55
1123,115
1210,113
1122,50
1204,120
871,25
863,15
1212,65
308,90
251,60
780,82
666,90
757,90
625,115
680,111
1215,120
1216,100
761,110
798,55
694,95
1218,17
1119,70
1219,95
917,89
1214,115
1118,31
901,87
767,50
911,58
1102,70
564,85
220,111
562,90
626,85
763,112
857,100
738,82
951,45
717,100
1019,55
1094,101
206,60
205,95
1153,60
937,90
967,115
1225,87
1148,43
1222,60
610,65
755,57
1080,15
1065,95
744,102
1220,115
989,85
1228,43
743,55
1066,100
1062,75
1173,85
1175,92
404,107
1237,90
1265,81
1266,85
1243,42
1244,56
1245,95
1246,21
1247,71
1248,23
1249,51
1250,46
1251,49
1253,85
1254,100
1255,75
1256,62
1257,10
1258,50
1259,45
1260,65
1261,21
1262,85
1263,67
1264,50
1252,87
261,110
2135,36
2524,104
1962,80
2090,88
2089,80
2228,85
2537,67
2375,125
2118,70
2510,75
2284,100
1653,71
2342,41
2368,95
2443,53
2055,34
2343,86
1991,60
2110,61
2086,96
2276,77
2369,101
2370,55
2056,36
2462,59
2128,37
2061,87
2429,13
2406,89
2321,95
2311,78
2489,39
2208,55
2286,75
2349,85
2151,45
2159,80
2199,75
2293,66
2261,60
2181,52
2098,80
2535,20
2388,65
2076,60
2373,82
2102,78
2077,85
2169,92
2333,37
2129,78
2346,86
2083,99
2434,85
2433,56
2156,90
1988,83
1997,40
2214,80
2062,80
2528,81
2223,110
2139,85
2566,38
1817,96
1774,68
2057,79
2371,33
1483,34
2571,65
1674,86
2180,88
2147,66
2014,70
1874,67
1745,49
2393,40
2488,68
2397,110
2405,41
2058,85
2190,74
2011,80
2301,78
2534,70
2464,20
2257,70
2426,53
2334,28
2206,81
1923,77
1853,95
2588,75
2587,62
2546,70
2454,70
2023,55
2432,34
2591,61
2216,80
2579,85
2412,87
1956,67
2558,85
2541,8
2175,70
2184,41
2294,80
2340,36
2299,57
2297,95
1975,70
2586,95
2109,80
2600,80
2335,68
1848,49
2553,85
2554,71
1927,122
2506,78
2277,50
2195,116
2048,57
2020,85
2198,55
2562,108
2365,67
2239,35
2581,80
2150,55
2314,105
2605,50
2403,104
2515,75
2242,42
2341,92
2116,73
2044,48
2045,45
2430,80
2531,75
2550,45
1873,50
2136,39
2415,32
2142,35
2209,70
2530,35
1632,90
2210,95
2289,71
2308,80
2186,47
2351,40
2329,69
2514,50
1525,76
1925,55
2296,65
2425,108
2512,60
2300,71
2611,85
2275,32
2182,32
2271,92
2323,68
2378,70
1920,61
2345,111
2251,95
2612,47
2008,66
2167,80
2548,50
2382,45
2192,79
2304,90
2274,85
1922,67
2104,27
2616,85
2380,71
2105,59
2162,70
2119,78
2106,98
2593,77
2339,52
2440,62
2516,58
2478,70
2472,110
2353,24
2360,15
2544,54
2435,61
2338,71
2007,75
2218,95
2194,75
2347,41
2024,63
1953,61
2330,57
1924,60
2080,85
2354,65
2211,89
2212,77
1783,33
2539,22
1784,76
619,55
2253,55
2224,65
2475,85
2143,67
2291,21
2082,35
2423,40
2408,60
2307,53
2399,86
2400,60
2428,51
1875,52
2538,51
2309,62
2363,130
2084,75
2451,25
2501,35
2054,95
2288,53
1999,65
2191,41
2444,63
2207,45
1926,61
2260,80
1928,76
2466,88
2030,56
2590,66
2120,80
1636,93
2157,36
2302,58
2010,80
1894,46
2320,100
2009,59
2002,61
2305,40
2445,61
1929,70
2099,53
2168,63
2348,65
2134,72
2074,28
2202,79
2298,70
2069,61
1921,54
2205,90
2285,86
2279,75
2331,46
2265,85
2532,75
2427,75
2436,62
2266,90
2438,82
2633,75
2158,45
2446,58
2295,70
2422,31
2336,60
2437,35
2344,61
1862,37
2420,61
1933,55
1990,58
2627,71
2154,70
2626,20
1910,90
2623,55
2424,34
2416,18
1909,31
2185,60
2153,70
2439,28
2477,62
2144,87
2146,43
2630,56
1932,85
2337,93
2417,20
2164,65
2096,130
1930,45
2431,20
1931,38
2091,64
2155,68
2638,80
2542,70
1903,15
2418,33
2327,25
2310,5
2678,75
2692,98
2694,70
2646,7
2664,60
2665,45
2666,32
2667,67
2668,15
2669,82
2670,26
2671,48
2672,43
2673,36
2674,33
2675,105
2676,31
2677,70
2685,43
2771,18
2658,59
2625,75
2661,83
2659,19
2690,46
2689,42
2688,40
2684,55
2663,87
2662,96
2686,75
2687,75
2775,60
2697,84
649,95
2847,65
2826,100
1638,95
660,70
470,100
321,105
1608,90
903,100
807,70
745,125
1522,125
1993,100
1635,70
153,75
831,25
848,40
1685,45
626,66
2384,75
2237,70
770,66
1573,80
1694,85
720,75
844,61
603,98
857,105
843,125
1624,116
707,70
1693,75
1722,69
810,46
1703,60
421,65
1102,72
2831,66
2745,95
1037,105
524,90
949,106
1701,55
652,85
2018,55
1591,60
2734,90
388,105
1768,120
2379,115
1485,75
1808,105
2598,105
1658,90
1024,55
897,80
2814,81
705,95
718,86
808,56
1493,45
1666,95
401,55
2108,95
731,65
691,76
2867,77
1215,117
2746,50
634,65
1730,55
1523,60
426,85
1935,77
909,20
763,117
1634,90
1992,61
2072,70
1183,88
3347,41
2908,95
787,72
1237,85
2767,70
979,74
2025,100
3246,120
978,80
3342,40
1802,45
3350,95
2945,115
3171,75
3276,76
1696,75
2749,75
854,81
3016,70
2655,80
2998,105
2517,80
3264,110
2868,115
3170,85
3192,60
3088,52
3330,120
2793,90
316,55
1157,80
2870,85
2743,70
2930,57
680,130
1697,40
1736,100
3002,71
2728,100
2786,60
2788,48
3250,85
3176,46
3228,110
2706,90
3177,50
1713,45
3165,80
3352,45
3355,95
3143,90
3357,67
3356,110
1698,105
3183,70
3358,56
2925,95
2774,70
1937,105
2414,80
2413,105
3209,71
2782,110
3359,70
459,60
3107,100
2634,110
647,75
2476,90
3340,65
2823,90
3349,86
443,95
2996,95
3281,80
3234,72
3129,65
669,116
3130,90
3010,65
3193,85
1644,10
847,82
3316,45
1490,65
2974,84
2860,60
3123,85
2256,76
2875,95
3294,71
1847,85
3119,101
3320,120
1297,80
1383,70
3201,85
3365,120
1677,91
2213,90
2124,80
1879,67
3370,65
3380,67
1936,85
1960,60
3142,88
1692,90
2219,10
2359,105
2392,60
2785,59
2839,80
3265,85
3323,85
1961,95
3011,81
2789,40
721,110
734,95
1556,74
910,75
2956,45
2784,70
836,100
3292,71
1675,105
3309,35
2720,90
3207,80
3337,50
3389,95
301,60
1481,75
656,85
3252,80
3238,68
2790,95
1484,90
3339,80
3094,86
3042,5
3391,25
89,85
625,115
3395,35
2829,70
1869,85
159,130
1865,45
3058,80
3082,75
3106,85
180,135
706,55
3211,90
3008,75
3296,80
3298,65
2066,80
1771,90
775,55
1104,40
1103,70
2816,105
2166,20
2165,45
2729,45
2964,55
3399,95
1918,70
2486,135
2569,85
1540,53
3184,90
312,70
904,101
526,91
2838,77
3133,105
3332,102
3122,57
2757,78
2650,65
853,50
2776,75
937,115
1192,55
784,102
527,110
3100,80
1625,90
1626,70
3295,46
2744,36
3187,43
3280,60
2549,65
519,55
2832,66
1061,105
769,130
2140,90
1900,60
1901,65
3066,96
3244,90
3194,55
1124,105
869,105
682,120
3409,30
3387,49
2792,85
1062,60
2876,66
1060,75
3262,90
3412,66
3150,64
2715,80
3413,95
3414,58
3304,72
1174,65
2773,60
3208,33
1945,90
757,60
356,85
3220,20
3421,72
3241,65
420,103
927,110
1577,105
1580,71
840,105
819,131
368,95
145,61
3426,46
3408,60
1459,71
3218,41
3354,69
3118,80
1517,33
3382,90
1844,110
2725,80
1837,90
760,100
2948,80
3321,85
1643,100
3111,26
3243,90
2769,61
3248,65
1184,105
484,40
2006,55
3432,60
3333,75
3334,71
3434,75
3430,89
3433,65
3405,60
1947,106
3096,90
3242,50
2493,54
2498,95
2552,35
3406,40
3064,60
3435,71
3436,52
3437,100
3068,80
932,110
875,74
2492,75
3393,65
2458,90
3236,85
3087,40
3219,55
3163,95
1782,115
3443,71
61,90
3444,60
3124,76
2970,75
1105,56
1106,40
3448,61
788,90
3449,76
1047,80
3445,45
3450,85
1781,115
3102,65
1872,80
3428,105
1074,60
3461,70
3462,90
310,60
3429,51
3377,81
3465,61
3200,26
3467,85
2543,48
1717,81
3425,65
3101,80
1081,45
3471,45
703,90
3440,109
3336,56
2962,80
562,97
1648,60
1825,75
1826,90
1838,100
3458,71
1050,40
1687,20
3245,50
2849,95
653,60
3287,60
688,50
3481,51
3482,55
3266,76
671,130
3275,120
3485,85
2813,90
1245,68
3466,55
1553,25
3404,80
2088,90
666,100
2092,66
3367,55
3487,95
3489,67
3267,90
3490,35
3491,65
736,115
3057,101
3156,30
3132,90
717,55
2040,95
2947,35
1955,100
3505,91
3507,90
3460,49
3477,85
3110,80
3512,89
1214,105
3319,30
3375,66
3516,63
3518,62
3115,76
777,105
3256,71
3520,55
3169,74
1308,70
3314,95
2111,85
3506,60
3121,68
3451,25
3474,46
2910,110
3517,63
3526,10
1793,50
3379,45
156,45
3172,83
3291,85
710,95
3418,85
3533,50
2884,65
645,86
3536,39
3540,10
3116,40
3059,85
1518,55
3542,45
3231,83
3522,52
542,60
3543,47
3400,60
1772,75
3329,65
2637,77
3473,31
3439,71
3549,90
571,50
2717,80
2716,40
3550,15
2714,60
1779,80
2713,20
2865,85
1883,100
331,125
1005,29
1607,65
3253,80
773,90
3257,70
3203,46
3300,56
3555,70
1056,73
2511,57
3556,100
2122,110
973,70
1063,77
59,105
3179,60
3544,100
3180,95
3282,91
3283,53
3261,51
1568,105
1091,40
2913,80
3558,130
689,99
1216,101
2640,70
3226,75
2931,95
794,75
2215,61
3305,87
346,55
1220,100
3230,60
3148,95
3560,75
1769,86
2920,50
2003,60
2924,84
308,55
2768,78
1670,60
3271,45
3419,37
2704,75
2639,82
2557,65
1628,65
3277,81
3302,27
881,81
3076,80
3551,95
782,86
1526,80
698,40
1041,40
1285,50
1066,100
1751,102
2880,55
2411,65
3164,42
3322,52
2916,75
2918,90
1678,111
2888,95
3483,110
3371,65
3569,42
3372,80
2701,85
2800,63
1631,100
1520,30
355,80
3572,65
3162,32
3089,80
3511,80
2448,76
563,55
1029,60
3577,51
3398,77
3344,85
3578,85
838,35
1792,65
3154,51
3513,75
3579,37
3145,36
3580,80
3306,90
3392,77
3581,34
1748,80
1595,75
2834,100
3447,115
3051,96
3420,80
2710,80
3559,135
3584,77
189,110
2863,49
3587,36
1980,105
3585,70
3223,85
639,84
3538,50
640,110
641,65
3459,70
1780,85
1107,72
458,65
2126,91
3591,65
3592,75
3324,80
3595,95
2564,95
3597,46
3598,50
3599,75
3431,73
3601,55
3486,80
1182,105
2078,87
3024,81
3259,81
3603,60
3366,91
2246,65
3605,72
3348,61
3311,86
3524,50
3310,45
3589,100
2026,80
2245,95
3607,90
2853,65
2705,39
3609,60
3608,92
1836,66
1858,100
1680,100
3047,90
2474,59
735,55
3229,15
3374,35
3484,95
2836,86
1971,45
1996,125
2794,52
2765,80
1467,130
3410,95
1087,90
1528,15
1529,32
3062,58
3090,27
1618,55
2148,75
967,110
629,85
2994,95
2810,85
3343,76
3618,73
1135,90
1288,100
3619,75
3004,80
3621,80
801,85
2232,100
2808,110
725,110
1788,110
578,62
3624,90
3138,57
3001,85
2247,50
2249,55
3574,85
3626,56
3453,42
2033,87
3613,85
3628,85
1073,100
3629,70
3495,106
1072,75
3631,4
3634,65
3015,80
3635,50
1770,55
896,59
3249,100
2264,65
3362,80
3604,45
1225,86
1828,110
1897,80
3083,70
1823,80
2944,70
1824,62
917,80
1298,42
3645,96
1801,65
3647,125
3641,85
3196,71
3648,50
1120,100
3546,100
3570,90
998,53
997,59
3452,70
1967,85
3191,65
3376,80
3651,80
359,105
3521,92
3369,80
3326,47
541,30
320,76
3084,30
3222,100
729,80
67,110
1531,80
1255,50
3649,77
1112,100
3092,79
3470,6
1754,90
3652,91
2641,92
3514,55
2248,87
3126,65
805,96
3079,44
2189,75
2812,67
1058,70
1057,31
1679,85
3168,55
1846,110
3663,81
2953,110
3665,75
3235,60
3667,45
3479,80
3576,30
3071,110
3636,51
3547,70
3494,25
3671,91
1452,55
3373,90
3672,65
3660,44
2193,75
1177,30
958,60
3675,58
901,110
3676,75
2287,41
3678,60
3679,62
1175,111
1119,57
3552,80
3654,90
3683,70
3669,70
1116,85
3656,75
1852,69
1851,26
3606,90
3186,71
3615,95
986,57
3692,90
3568,61
3664,75
3666,75
1092,95
738,73
1065,115
3582,45
3696,60
3423,60
3695,90
1094,55
3701,72
2801,60
3673,90
3702,90
3703,90
3704,75
3707,65
3706,86
3563,66
3386,110
3710,74
3456,90
3565,85
3657,10
3061,65
3674,61
3722,70
3532,52
3724,95
3721,55
448,36
3690,35
2726,71
3727,51
3730,50
3728,56
1893,60
1913,51
1914,5
3639,85
3523,60
3691,105
1676,25
3697,58
3650,65
1205,5
1790,65
1488,70
3716,60
404,85
1891,-1
3735,80
1892,35
2698,35
1126,70
1084,85
1085,45
3067,83
3215,40
570,110
3254,85
3525,80
2567,90
3661,91
3270,45
3383,75
3738,116
3739,75
3114,60
795,55
3480,33
506,100
3740,70
3742,45
3741,81
564,40
3416,71
3743,50
1827,47
3633,44
1145,30
3746,68
3747,72
2791,76
1732,35
686,95
1940,80
3109,80
1785,96
3750,49
1637,60
1917,70
3725,51
3503,90
3504,40
3488,70
3255,75
1843,95
3247,90
3755,85
3756,80
3757,51
3758,70
2797,65
3759,105
1472,96
2693,25
3754,52
3687,86
3689,86
3273,37
1941,95
1943,30
3529,95
3763,60
3752,68
3744,60
3693,85
3686,53
587,60
1151,95
3575,45
3454,42
3457,40
3632,28
3622,75
3677,42
3539,71
3537,90
1001,70
1482,61
3360,65
3772,75
3766,55
3773,55
3764,65
3712,81
2390,35
2568,115
2551,75
2885,45
3713,100
3499,85
3472,22
3688,57
3424,40
1842,65
3778,75
3776,86
1841,105
3781,56
3602,50
1705,70
3640,30
3780,72
3765,18
3787,107
3788,95
3789,80
3777,45
3790,75
3785,41
3515,45
3792,85
3793,85
3753,60
3573,85
2871,115
3588,40
3729,90
3802,66
3807,80
1167,88
3810,5
3811,43
3800,65
3797,50
3813,85
3808,86
3745,71
3816,71
3818,66
3821,90
3819,70
3826,66
3828,80
3833,61
3834,55
3794,62
3842,45
3850,55
3855,76
3853,85
3779,67
3774,100
3705,45
3762,70
3860,85
3856,82
3835,75
1611,25
1776,40
1778,22
2042,60
2934,48
2939,25
3655,50
3803,51
2100,100
3312,85
3625,95
1562,105
1587,95
1633,70
1665,45
2703,65
2879,75
2928,75
2936,60
2995,5
3446,77
3478,82
3858,65
1668,42
3003,58
3007,70
3108,80
3112,70
3493,60
3699,71
3822,84
1605,30
1737,30
3006,46
3158,45
1462,65
1564,125
2852,55
3227,78
3718,60
2922,110
2900,72
3441,80
1672,80
2459,85
2508,80
2576,90
2818,95
2901,60
2935,50
2999,59
3009,60
3045,66
3313,60
3600,66
3847,70
3849,66
3839,62
3862,47
3843,70
3864,85
3865,70
3796,76
3872,70
3859,63
3814,51
3798,15
3869,105
3817,72
3879,85
517,120
3877,60
1630,100
3534,88
1313,81
1840,115
3881,105
1899,57
3760,98
3715,52
3799,15
3829,60
3867,110
3104,60
3882,50
3895,95
3894,65
3911,75
3904,65
3907,80
3905,49
3910,25
3900,61
3883,75
3906,37
3233,80
3545,56
3364,16
3820,41
3918,54
3922,50
2967,50
3914,110
1691,86
3921,100
3925,40
3926,95
3912,90
3930,47
3933,45
2727,90
3934,67
3935,25
3919,59
3938,32
3941,85
3943,21
3942,51
3947,50
3948,90
3944,65
3949,50
3950,51
3936,76
3951,108
3940,90
3956,55
2991,55
3955,95
3961,60
3027,85
3028,65
3029,90
3030,85
3031,65
3033,90
3034,65
3035,60
3036,100
3037,85
3038,70
3039,85
3476,85
3551,88
2199,85
2757,60
3413,108
3076,108
1157,104
89,112
3511,88
1674,88
2129,76
1817,96
3813,88
3236,72
3724,124
3462,88
3641,96
1638,92
2209,71
2210,108
3211,100
2156,100
1694,92
3549,80
2054,60
2425,105
2195,70
2994,80
2782,78
3621,84
2162,96
2588,96
3459,80
3565,96
649,112
3759,108
3126,92
1556,84
3513,88
3776,88
3745,84
2865,88
3747,72
2058,92
2634,116
3107,100
3011,92
2321,70
2304,92
3282,88
2020,76
3487,92
729,96
2026,88
3276,84
2925,88
2767,88
3051,104
2913,124
2466,52
570,112
3129,88
2169,75
159,106
1962,108
2639,86
3793,84
59,60
3821,92
3669,84
3096,76
3703,76
1297,112
3092,68
2920,104
3332,78
1937,40
3613,88
1484,124
3486,88
3735,96
2139,100
3356,124
1847,76
2216,108
2300,92
2710,92
517,130
3132,96
1580,108
760,100
927,95
1643,112
2311,44
904,75
3109,84
3649,92
2274,84
1608,88
3130,116
3380,92
1920,96
3507,92
3503,96
1736,112
2728,108
1988,72
2223,104
2931,100
2368,96
2375,120
3143,100
2581,88
819,93
2180,91
2118,80
3066,108
3010,92
2140,64
2134,76
1490,112
2918,100
3355,76
3133,100
2638,88
1525,68
2359,80
3262,96
710,95
2655,80
1658,84
3439,76
2498,76
3207,80
3246,90
3228,115
1636,96
2546,42
2553,51
2554,112
1577,116
3398,88
2745,96
1768,101
3320,120
3169,60
3404,96
2124,88
2675,108
736,120
1526,72
669,120
2438,104
2880,104
3663,60
2549,88
3816,68
2175,96
2373,104
3651,68
3071,76
1869,96
3110,92
3119,116
2793,80
901,136
1935,108
2888,104
2214,92
180,112
3856,76
355,124
1063,87
2111,108
843,136
2725,80
2345,100
1037,128
2776,84
1769,92
2384,85
1825,108
2743,92
1826,92
1677,56
3559,124
3350,96
3639,108
420,120
3142,116
571,76
2667,80
3163,35
2678,96
1522,136
745,120
562,128
773,96
3664,96
3666,96
2658,108
2066,100
3243,92
3323,80
1936,92
1540,52
2428,48
2829,92
1183,96
2593,80
680,95
3170,88
3628,84
2040,120
2119,50
2633,60
2663,86
645,100
2790,92
2945,112
639,88
640,120
641,110
2218,84
2726,76
1215,110
629,124
3467,84
3015,76
1666,108
3673,92
2025,104
526,92
2297,85
3661,84
1467,120
2486,104
3340,81
1087,64
3835,60
3281,108
1696,55
3234,100
2784,108
1785,92
2365,104
3652,80
3573,92
660,100
1754,84
2098,72
3864,76
2088,88
731,88
2379,132
3333,88
3334,92
3693,84
2598,108
3808,76
978,60
979,112
2908,100
836,75
784,115
691,83
3484,76
2251,96
2637,96
3778,76
3057,105
3377,92
3008,88
1624,126
3226,92
2569,76
2083,90
3184,96
2571,100
1883,35
1675,104
1120,100
3344,92
2823,92
3713,120
932,120
3277,92
1308,65
1124,85
682,105
2692,85
3101,84
2720,60
3592,60
1092,120
2078,96
3763,88
3275,106
368,104
3574,85
1182,90
3024,68
3482,72
3558,128
2834,112
2564,96
3722,88
3695,100
2080,76
3560,84
3068,96
3580,88
3738,124
1472,110
2715,100
1801,100
2717,100
1237,85
67,112
2346,65
2224,92
3704,56
689,85
359,128
2838,116
3556,110
1060,80
2910,132
3434,112
671,120
3201,84
3599,80
3595,113
3740,92
1245,104
1996,112
949,100
686,116
897,75
3712,72
1717,84
2734,92
3477,88
2076,116
2077,80
3414,112
625,102
2284,132
388,112
3485,100
840,112
869,108
2792,72
2108,112
770,112
1288,85
1838,116
2062,116
2167,108
2159,108
1980,90
2148,88
1782,105
2727,96
2813,104
3102,80
3171,84
3266,76
2839,64
1781,120
1872,80
2294,92
3505,85
1698,124
3002,100
3354,100
3304,92
3264,97
3440,98
734,108
3817,48
2193,80
3762,72
2320,104
1678,95
3729,84
1955,116
1858,83
2202,84
1780,85
3389,112
3349,108
2116,96
2579,92
3256,80
3741,84
2245,69
3435,40
3792,84
2641,53
2517,92
2194,92
2192,77
3710,92
2476,92
2403,101
3853,60
3383,108
2704,92
1634,92
1174,60
3447,136
3430,108
3165,100
2232,110
1844,88
2816,95
1853,104
2875,100
1893,124
2475,100
3701,80
3047,100
1913,84
1112,92
1922,84
3819,72
788,84
2996,116
808,120
2528,116
1568,70
542,64
3807,96
3539,85
3537,120
3606,96
805,124
1897,65
1779,100
703,112
3687,92
2348,80
3860,88
2870,104
3410,64
1084,60
2120,80
2048,92
2836,70
2414,92
3755,76
3702,72
3512,70
2551,80
1941,70
1940,65
2285,76
3865,96
3706,96
3629,100
2363,120
331,120
3521,80
2534,84
666,104
3495,80
3665,96
2109,80
1823,88
3867,80
763,70
1102,51
1066,79
2406,104
1841,80
61,48
807,100
1993,108
3425,80
3118,104
1808,84
3609,92
3001,100
1967,92
1784,76
2096,108
2388,128
2212,92
3067,81
1065,71
738,92
3602,56
3578,84
3756,72
1630,112
7589,112
7879,76
7880,96
7881,76
7882,88
7883,96
7885,96
7886,88
7887,84
7888,104
7889,60
8525,84
4714,124
7892,40
7893,40
7894,44
7895,64
7896,56
7899,76
7901,72
7902,96
7903,84
7904,84
7905,76
7906,20
7919,84
7920,48
7921,56
8432,124
603,112
1693,84
1722,96
7907,52
7908,44
7909,68
7910,60
7911,88
7912,104
7913,30
777,75
7810,15
7811,100
7812,35
7914,102
7915,45
7582,27
7813,64
7916,28
7923,59
7917,57
7814,78
7815,36
7890,88
7891,72
7608,80
7976,72
8086,48
5725,76
7492,76
7581,80
7797,56
7816,68
7817,60
7818,56
7820,64
7821,40
7822,52
7823,60
7824,24
7825,72
7826,64
7827,44
7828,84
7829,72
7830,68
7831,80
7832,72
7833,68
7834,64
7835,64
7836,80
7837,64
7838,40
7839,68
7840,40
7841,76
7842,76
7843,76
7844,72
7845,40
7846,72
7847,80
7848,76
7849,56
7850,52
7851,68
7852,72
7853,64
7854,48
7855,52
7856,56
7857,60
7858,44
7859,76
7860,80
7861,64
7862,60
7863,56
7865,72
7866,56
7867,44
7868,68
7869,60
7870,32
7871,52
7872,56
7873,60
7874,64
7875,52
7876,36
7877,40
7878,64
7918,56
7978,64
1869,104
2557,84
6678,96
6679,96
6680,104
6681,96
6682,76
6683,52
6684,104
6685,88
6686,96
6687,100
6688,88
6689,108
6690,88
6691,104
6692,92
6693,112
6694,64
6696,108
6698,112
6699,100
6700,88
6702,84
6703,104
6704,44
6705,96
6706,104
6707,112
6708,96
6709,84
6710,80
6711,92
6712,72
6713,80
6714,96
6715,72
6716,68
6717,96
6719,76
6720,56
6721,96
6722,68
6723,48
6724,108
6725,64
6726,108
6727,92
6729,92
6731,92
6732,100
6733,76
6734,104
6735,72
6736,48
6737,92
6739,96
6740,76
6741,64
6742,84
6743,108
6744,116
6745,92
6746,76
6747,64
6748,64
6749,72
6750,96
6751,92
6752,76
6753,84
6755,92
6757,84
6758,64
6759,96
6760,88
6761,56
6762,92
6763,92
6764,44
6765,88
6766,96
6767,56
6768,72
6769,84
6770,108
6771,68
6772,100
6773,84
6775,52
6776,76
6777,96
6778,96
6779,88
6780,84
6781,96
6782,80
6783,112
6784,112
6785,76
6786,104
6787,80
6788,92
6789,92
6790,68
6791,88
6792,84
6793,44
6795,64
6796,84
6797,76
6798,112
6799,80
6800,56
6801,60
6802,96
6803,92
6804,68
6805,88
6806,84
6807,80
6808,64
6809,60
6810,68
6812,72
6813,76
6814,52
6815,96
6816,60
6818,56
6819,92
6820,80
6821,64
6822,88
6824,76
6825,96
6826,100
6827,84
6828,72
6829,76
6830,84
6831,88
6832,72
6833,80
6834,72
6835,80
6836,84
6837,76
6838,88
6839,72
6840,64
6841,72
6842,84
6843,96
6844,80
6845,76
6846,84
6847,88
6848,104
6849,80
6850,72
6851,68
6852,92
6853,96
6854,76
6855,76
6856,72
6857,80
6858,68
6859,44
6860,92
6861,104
6862,96
6863,84
6864,60
6865,72
6866,84
6867,108
6868,120
6870,88
6871,72
6872,64
6873,116
6874,44
6875,84
6876,104
6877,84
6878,40
6879,76
6880,92
6881,100
6882,88
6883,68
6885,16
6886,116
6887,96
6888,76
6889,68
6890,76
6891,72
6892,116
6893,32
6895,88
6896,92
6897,72
6898,76
6899,40
6900,56
6901,48
6902,48
6903,124
6904,60
6905,80
6906,72
6907,60
6908,64
6909,92
6910,108
6911,80
6912,88
6913,64
6914,84
6915,92
6916,76
6917,92
6918,100
6919,20
6920,84
6921,88
6922,32
6923,40
6924,92
6925,44
6926,28
6928,32
6929,68
6930,32
6931,36
6932,52
6933,72
6934,40
6935,64
6936,24
6938,96
6939,40
6941,108
6942,72
6943,76
6944,40
6945,32
6946,100
6947,88
6948,76
6949,112
6950,56
6951,68
6952,112
6953,52
6954,112
6955,80
6956,68
6957,68
6958,52
6959,100
6960,84
6961,52
6962,56
6963,72
6964,80
6965,68
6966,72
6968,84
6969,44
6970,56
6971,84
6972,48
6973,92
6974,32
6975,72
6976,68
6977,72
6978,64
6979,84
6980,48
6981,52
6982,64
6983,64
6984,120
6985,44
6986,40
6987,64
6988,44
6989,92
6990,68
6991,96
6992,44
6993,76
6994,68
6995,88
6996,48
6997,52
6998,52
6999,48
7000,76
7002,68
7003,92
7004,40
7005,76
7006,64
7007,72
7008,60
7009,60
7010,56
7012,56
7013,72
7015,52
7016,52
7017,44
7018,80
7019,72
7020,24
7021,64
7022,80
7023,84
7024,44
7025,72
7026,60
7027,88
7029,40
7030,72
7031,76
7032,76
7033,104
7034,64
7035,72
7036,44
7037,104
7038,72
7039,48
7040,80
7041,40
7042,116
7043,28
7044,48
7045,24
7046,96
7047,72
7048,40
7050,68
7051,68
7052,32
7053,44
7054,100
7055,84
7056,68
7057,56
7058,80
7059,40
7060,80
7061,124
7062,64
7063,96
7064,100
7065,112
7066,100
7067,92
7068,36
7069,84
7070,96
7071,24
7072,72
7074,56
7075,80
7076,60
7077,48
7078,68
7079,64
7080,44
7081,64
7082,76
7083,60
7084,48
7085,92
7086,80
7087,64
7088,32
7089,32
7090,40
7091,72
7092,28
7093,100
7094,92
7095,68
7096,76
7097,104
7098,56
7099,48
7100,40
7101,80
7102,48
7103,72
7104,92
7105,56
7106,60
7107,68
7332,48
8200,64
4977,86
7108,85
7109,30
7110,75
7111,95
7112,55
7113,120
7115,5
7116,50
7117,65
7118,65
7119,56
7120,80
7121,65
7122,64
7123,105
7124,65
7127,70
7128,50
7129,10
7130,36
7131,20
7133,23
7134,25
7135,50
7136,75
7137,107
7138,100
7139,35
7140,97
7141,40
7143,55
7165,52
7166,50
7167,30
7168,70
7169,66
7170,52
7171,75
7172,20
7173,40
7174,30
7175,50
7176,45
7177,25
7178,72
7179,77
7180,25
7181,40
7182,66
7183,5
7184,46
7185,90
7186,35
7187,43
7188,65
7189,22
7190,40
7191,65
7192,10
7195,19
7196,0
7197,45
7198,93
7199,91
7200,65
7201,86
7202,56
7203,64
7205,50
7206,75
7207,55
7208,53
7209,43
7211,60
7213,10
7214,80
7215,40
7216,-10
7217,45
7218,95
7219,4
7220,0
7221,30
7222,75
7223,21
7224,15
7225,55
7226,25
7227,55
7228,62
7230,16
7231,121
7232,40
7234,50
7235,28
7236,66
7237,35
7238,37
7239,121
7240,22
7241,15
7242,10
7243,60
7244,60
7245,70
7246,50
7247,45
7248,50
7249,80
7250,40
7251,30
7252,15
7253,70
7254,5
7255,100
4348,46
7256,14
7257,27
7258,38
7259,20
7260,35
7261,10
7263,25
7264,30
7266,55
7267,23
7269,0
7270,35
7271,10
7272,55
7273,84
7274,10
7275,2
7276,10
7277,28
7278,66
7279,86
7280,49
7282,75
7283,20
7284,35
7285,55
7286,50
7287,6
7288,0
7289,75
7290,85
7291,60
7292,65
7293,55
7294,26
7295,36
7296,50
7297,80
7298,25
7299,84
7301,57
7302,25
7303,19
7304,40
7305,50
7306,65
7307,32
7308,55
7310,96
7311,87
7312,45
7313,50
7314,70
7315,65
7316,31
7317,72
7318,82
7319,35
7809,58
4842,64
5062,80
5063,72
5064,52
5065,68
5066,56
5067,52
5069,32
5070,52
5071,68
5072,72
5075,92
5076,64
5077,60
5078,68
5079,44
5080,44
5082,36
5083,60
5084,32
5085,36
5086,36
5087,68
5088,36
5089,72
5090,60
5091,36
5092,16
5411,64
4729,80
4879,88
4969,100
5046,52
5096,72
5097,120
5098,100
5099,60
5100,76
5101,64
5102,56
5103,116
5104,56
5105,88
5107,116
5108,56
5109,88
5110,80
5111,88
5112,104
5113,68
5114,52
5115,92
5116,84
5117,48
5118,76
5119,84
5120,76
5121,88
5122,84
5123,76
5124,92
5126,96
5127,96
5128,108
5129,92
5131,104
5132,88
5133,96
5135,108
5136,92
5137,72
5138,80
5139,64
5140,68
5142,76
5143,84
5144,88
5145,88
5146,88
5148,76
5149,104
5150,100
5151,104
5152,108
5153,100
5154,96
5155,88
5156,108
5157,104
5158,84
5159,88
5162,52
5163,88
5164,100
5165,100
5509,92
4827,64
4871,88
5166,84
5167,12
5169,40
5170,48
5171,68
5172,76
5173,36
5174,68
5175,72
5176,68
5177,68
5178,116
5179,64
5180,40
5181,64
5182,60
5183,80
5184,24
5185,76
5186,68
5187,128
5188,96
5189,48
5190,28
5191,44
5193,40
5194,48
5195,60
5196,68
5197,88
5200,32
5201,52
5202,68
5203,72
5204,120
5205,104
5206,84
5207,84
5209,48
5210,64
5211,108
5212,92
5215,52
5216,48
5217,104
5218,112
5219,80
5220,112
5221,44
5222,56
5223,48
5224,52
5225,64
5511,68
5512,60
5519,88
940,72
4821,72
4976,36
5226,96
5227,68
5228,40
5229,76
5231,52
5232,64
5233,72
5234,60
5235,84
5236,60
5238,64
5239,60
5240,56
5242,64
5243,68
5244,52
5245,72
5246,40
5247,56
5248,96
5250,72
5252,116
5253,60
5254,64
5255,44
5256,44
5257,96
5258,40
5259,76
5260,104
5261,96
5262,92
5263,96
5264,40
5265,44
5266,40
5267,40
5268,100
5269,60
5271,36
5272,104
5273,56
5274,104
5275,48
5276,72
5278,72
5279,28
5280,60
5281,72
5282,64
5284,80
5285,56
5286,48
5287,84
5289,88
5290,64
5291,72
5292,56
5294,44
5295,68
5296,68
5297,80
5298,64
5299,108
5301,44
5302,100
5508,80
5303,60
5304,76
5305,60
5306,68
5308,72
5309,40
5310,20
5311,80
5312,44
5313,80
5314,76
5315,32
5316,48
5317,64
5318,76
5319,84
5321,44
5322,64
5323,92
5324,32
5325,92
5326,92
5327,88
5328,100
5329,84
5330,112
5331,80
5332,48
5333,68
5334,72
5335,76
5336,68
5337,48
5338,68
5339,60
5340,64
5341,52
5342,76
5343,84
5344,68
5345,96
5347,72
5405,60
5406,84
5407,24
5408,36
5409,52
5515,28
5525,40
5526,104
5348,25
5349,65
5350,5
5351,45
5352,62
5353,30
5354,60
5355,80
5358,10
5359,75
5361,-15
5362,55
5363,90
5364,20
5365,29
5366,59
5368,25
5369,41
5370,36
5371,30
5372,50
5373,35
5374,35
5375,35
5376,25
5377,20
5378,60
5380,50
5381,17
5382,60
5383,65
5384,30
5510,85
5513,35
5516,75
5517,53
5518,40
5520,45
5521,35
5768,55
5385,45
5386,50
5387,17
5388,30
5389,96
5390,95
5391,83
5392,-10
5524,87
5583,15
5698,26
5393,15
5394,25
5395,65
5396,65
5397,35
5398,41
5399,55
5400,35
5401,43
5402,25
5584,15
5403,20
5523,20
5404,80
5522,55
4749,76
4815,64
4863,88
4978,84
5011,64
5621,56
7365,56
8545,68
8969,56
8998,72
4904,112
4905,112
4913,96
4919,104
4925,80
4926,64
4927,88
4928,80
4944,100
4946,100
4949,100
4961,112
4968,104
5016,72
5017,88
5019,72
5623,72
6473,92
4894,92
4900,64
4910,80
4917,108
4922,36
4923,68
4924,52
4959,56
4973,48
4974,48
4992,116
5014,120
5021,84
5022,36
5039,88
4918,112
4981,80
5015,72
7943,72
4920,92
4921,52
4962,76
4912,59
4916,10
4957,55
5005,22
5579,65
5564,32
5001,55
4982,65
4994,51
5695,60
5705,28
5746,56
5781,56
5808,88
5905,72
5923,56
5934,48
5936,32
5937,80
5938,48
5943,68
5949,72
5951,56
6438,40
6458,40
6463,60
6569,64
5909,100
5942,92
5956,92
5957,84
6465,60
7147,92
7152,112
7324,72
7497,72
5747,88
5906,60
5950,36
5955,72
6484,48
6566,88
7159,88
7331,88
5780,80
5911,104
5928,112
5929,68
5930,52
5954,104
5961,76
6556,96
7339,84
7553,112
1698,84
5744,92
5904,116
5912,88
5913,84
5916,76
5931,84
6564,132
7162,88
7398,96
5775,74
5809,92
5917,90
5924,50
5932,95
5935,55
6486,45
7321,50
7336,20
7552,90
5941,20
6457,45
5921,63
6439,40
5915,40
5948,67
7341,69
4253,40
7470,84
7528,56
7531,84
7532,88
7537,44
7543,20
7545,72
7932,60
8330,56
8331,44
8469,64
1812,96
4601,84
7538,92
7541,64
7542,64
3380,96
4209,32
4220,108
4251,32
4252,84
4284,76
7530,112
7539,56
7549,68
8390,48
8391,88
4245,56
4249,72
4732,116
7526,36
8393,72
8395,92
8396,88
8397,48
8398,60
4211,112
4246,56
7525,60
7652,104
7661,88
8399,88
8401,92
8402,44
4223,120
4250,95
4824,110
7519,15
7527,72
7529,85
7548,65
7551,31
7656,60
8262,90
8371,38
917,66
4247,15
7479,65
8403,35
4823,56
7477,52
7487,61
7518,50
7578,65
5823,68
5824,60
5826,80
5828,52
5832,44
5834,68
5841,76
5845,64
5846,60
5847,48
5851,68
5852,36
5853,88
5854,44
5856,68
5859,48
5861,68
5862,80
5863,80
5866,60
5872,56
5877,76
5879,64
5882,68
5887,48
5891,64
5892,64
6481,88
7992,64
5871,88
5874,88
5888,80
5889,76
5894,76
5895,92
5899,60
6554,96
5840,120
5844,52
5857,60
5860,60
5880,40
5884,56
5897,64
6550,40
6551,80
6552,108
6553,56
6555,32
5812,48
5814,68
5815,56
5816,68
5817,96
5822,60
5830,92
5835,80
5855,48
5868,64
5876,60
5886,48
5898,68
5902,52
5827,56
5843,64
5848,52
5850,32
5864,48
5869,80
5873,60
5875,88
5878,32
5881,44
5893,52
7480,52
7994,52
5818,27
5819,31
5821,77
5883,99
7993,45
5811,62
5820,30
5836,10
5833,50
5870,4
4609,88
4801,64
4817,40
4841,72
5563,68
5782,40
5962,72
5964,88
5966,40
5970,80
5973,36
5974,80
5975,76
5976,60
5977,96
5978,88
5979,84
5980,76
5982,64
5983,100
5985,120
5986,80
5987,68
5990,68
5992,68
5993,52
5995,80
5996,56
5997,80
5998,44
5999,48
6001,72
6002,68
6003,72
6004,72
6005,44
6008,76
6011,40
6013,60
6014,68
6015,56
6016,68
6017,48
6018,60
6019,64
6020,40
6022,72
6024,88
6027,72
6028,80
4769,96
4809,48
6030,40
6032,84
6033,104
6034,96
6035,64
6038,56
6040,72
6041,80
6042,80
6043,72
6044,76
6045,56
6047,68
6048,64
6051,56
6053,36
6057,88
6061,64
6062,64
6064,52
6067,40
6069,64
6071,80
6073,48
6074,36
6075,92
6077,92
6078,60
6084,52
6085,84
6086,68
6087,60
6089,92
6090,88
6091,84
6093,52
6095,36
6096,76
902,70
1024,68
2166,35
4614,56
4826,11
6097,47
6099,45
6101,65
6102,35
6104,20
6109,15
6110,70
6113,90
6117,10
6118,0
6119,40
6120,90
6121,25
6122,70
6128,75
6130,41
6134,80
6135,10
6137,15
6440,45
6441,-20
897,70
1782,105
3163,-5
4757,50
6140,35
6141,10
6142,25
6145,40
6146,10
6149,50
6151,40
6154,40
6155,35
6157,44
6158,15
6161,15
6164,35
6165,40
6166,81
6167,50
6169,45
6442,60
6443,30
6444,35
6468,85
4327,110
5060,65
6170,50
6171,35
6173,5
6174,40
6176,55
6177,54
6178,36
6179,60
6181,53
6182,64
6183,20
6184,30
6185,35
6186,50
6445,25
6446,40
6447,30
6188,20
6189,10
6190,47
6191,29
6193,98
6194,32
6196,32
6199,55
6202,65
6203,55
6205,57
6208,30
6210,45
6211,67
6448,16
6449,25
6450,50
7544,56
8785,100
8786,56
8787,72
8788,56
8789,56
8791,80
8792,56
8793,84
8794,84
7407,80
7991,120
8686,48
8687,64
8688,56
8689,60
8690,52
8691,48
8692,28
8693,76
8694,68
8695,28
8696,72
8697,44
8698,24
8656,36
8657,64
8658,56
8659,48
8660,76
8661,64
8662,88
8663,44
8664,48
8665,48
8666,40
8667,48
8668,76
8669,64
8671,44
8812,48
8813,56
8814,48
4302,120
8795,36
8796,40
8797,84
8798,40
8799,48
8800,92
8801,100
8802,36
8803,76
8804,48
8805,64
8806,68
8807,60
8808,72
8810,44
8811,36
8833,52
8672,65
8673,35
8674,25
8675,15
8676,15
8677,45
8678,1
8679,26
8680,37
8681,10
8682,27
8683,16
8684,25
8685,0
8816,25
8714,25
8715,50
8716,75
8717,35
8718,60
8719,10
8720,40
8721,0
8702,37
8703,60
8704,35
8705,0
8706,50
8707,26
8522,92
8699,5
8700,20
8722,59
8723,70
8725,111
8726,72
8727,30
8710,65
8711,89
8712,54
8713,25
6489,64
6490,32
6491,64
6492,44
6493,68
6494,52
6495,72
6496,52
6497,48
6498,64
6501,68
4888,68
6502,48
6503,52
6504,36
6505,16
6506,24
6507,52
6508,88
6509,84
6510,76
6511,80
6512,28
6513,60
6514,92
6515,52
6516,100
6517,20
6518,44
6519,52
4716,50
4886,40
6520,40
6521,16
6522,25
6523,25
6524,30
6525,0
6526,16
6527,50
6528,40
6529,11
6530,45
6531,8
6532,56
6533,55
6534,50
6535,22
6537,5
6538,41
2379,130
2813,128
3490,48
9592,112
8979,124
137,70
5568,68
578,89
843,116
6572,76
6573,72
6574,76
6576,56
6578,16
6579,28
6580,60
6581,72
6582,64
6583,72
6584,88
6585,60
6586,52
6587,68
6588,56
6589,84
6590,76
6591,52
6592,56
6593,44
6596,60
6597,20
6598,40
6599,48
6600,60
6601,52
6602,60
6603,44
6604,52
6605,52
6606,28
6607,68
6608,48
6609,48
6610,76
6611,60
6612,48
6613,56
6614,32
6615,72
6616,52
6617,76
6618,56
6619,72
6620,88
6621,60
6622,60
6623,64
6625,68
6626,56
6627,60
6628,76
6629,28
6630,48
6631,64
6632,64
6633,76
6634,68
6635,64
6636,76
6637,80
6638,76
6639,72
6640,76
6641,68
6642,64
6643,64
6644,72
6645,60
6646,76
6647,76
6648,80
6649,84
6650,92
6651,84
6652,64
6653,88
6656,56
6657,80
6658,72
6659,64
6660,60
6661,76
6662,64
6663,72
6664,76
6666,84
6667,48
6668,48
6669,76
6670,72
6671,60
6673,52
6674,56
6676,68
6677,52
7533,76
7534,52
8408,52
4688,76
7379,92
7572,88
7673,72
7674,56
7675,44
7676,60
7677,52
7678,68
7679,84
7680,88
7681,96
7682,88
7683,60
7684,64
7685,92
7686,100
7687,60
7688,64
7689,100
7690,92
7691,76
7692,84
7693,96
7694,76
7695,44
7696,92
7697,92
7698,92
7699,64
7700,72
7701,40
7702,88
2267,80
7703,60
7704,72
7705,48
7706,16
7707,68
7708,52
7709,68
7710,44
7711,36
7712,56
7713,68
7714,56
7715,48
7716,48
7717,32
7718,80
7719,60
7720,56
2311,48
2317,36
2320,104
7721,56
7722,60
7723,48
7724,64
7725,52
7726,116
7727,44
7728,100
7729,40
7730,40
7731,96
7733,76
7734,56
7735,40
7736,96
7737,72
7738,64
7739,60
7740,60
7741,52
7742,68
7743,44
7744,68
7745,64
7746,44
7747,32
7749,64
7750,100
7751,84
7752,56
7753,28
7755,36
7756,10
7757,10
7758,60
7759,17
7760,40
7761,88
7762,16
7763,25
7764,40
7765,30
7766,53
7767,45
7768,5
7769,40
7770,51
7771,50
7772,-10
7774,40
7775,45
8470,15
7776,40
7777,45
7778,45
7779,26
7780,39
7781,15
7782,15
7783,0
7784,20
6547,60
7401,40
7785,25
7786,51
7788,39
7789,-5
7790,36
7791,66
7792,98
7793,38
8084,30
9334,64
2348,80
2349,96
2373,72
2331,52
2285,88
2345,112
8079,72
2678,88
5666,96
5673,84
5675,104
5677,84
5683,84
5688,52
5689,36
5667,36
5669,80
5672,64
5665,40
5676,64
5678,60
5686,60
6435,56
5671,28
5679,35
5680,42
5681,65
3986,88
1994,92
2109,80
2579,84
2593,80
4593,84
4594,72
4595,96
4603,92
4671,88
4945,80
5715,92
9116,72
9137,64
9138,92
9144,108
9147,80
9150,80
9156,84
9158,88
9163,84
9175,108
9177,104
9183,104
9206,100
9218,100
9253,100
9270,100
2210,108
9094,100
9095,84
9104,72
9106,132
9107,20
9111,32
9115,76
9119,128
9122,52
9129,96
9130,68
9132,76
9133,76
9145,64
9154,88
9155,80
9165,56
9166,52
9167,44
9168,56
9178,60
9180,60
9188,100
9197,76
9211,104
9212,88
9221,76
9230,48
9233,116
9240,80
9245,72
9248,76
9257,72
9258,100
9259,60
9260,104
9265,44
9269,44
9274,72
9284,76
9287,64
9289,48
9290,108
8472,92
8520,44
9101,28
9105,44
9110,52
9113,48
9118,64
9120,84
9123,80
9128,100
9131,68
9139,72
9143,80
9146,128
9151,96
9153,48
9161,84
9172,52
9174,56
9179,56
9181,52
9190,80
9194,112
9202,80
9220,60
9232,64
9234,36
9237,104
9239,76
9249,64
9252,68
9279,64
9280,68
8440,100
9091,128
9109,80
9114,112
9126,68
9152,92
9157,112
9162,84
9199,76
9200,96
9207,96
9214,80
9217,104
9231,60
9236,76
9238,44
9241,104
9246,108
9247,100
9261,64
9262,116
9266,76
9272,92
9286,68
9288,64
9291,48
8519,100
8547,98
9103,95
9134,65
9135,10
9159,98
9185,55
9193,83
9195,110
9203,80
9204,85
9205,60
9244,22
9250,70
9251,99
9264,35
9277,6
2209,59
9127,37
9186,20
9271,45
8750,35
9187,96
9216,25
9189,41
8473,60
8541,68
8550,76
8654,76
9092,48
9093,68
9097,48
9099,48
9100,84
9108,80
9117,68
9121,68
9124,52
9136,52
9140,84
9142,88
9160,60
9164,84
9169,64
9170,72
9171,56
9176,72
9184,72
9191,60
9192,80
9198,68
9201,60
9210,60
9213,68
9219,56
9222,64
9235,84
9242,64
9243,72
9254,80
9255,64
9263,80
9267,60
9268,60
9273,52
9275,68
9276,64
9278,92
9281,84
9282,68
9285,88
8481,100
8484,80
8485,24
8488,52
8491,48
8493,8
8501,48
8503,40
8517,88
9063,56
9064,56
9065,68
9066,48
2665,80
2667,52
2669,64
2672,36
3991,44
8479,32
8483,40
8495,76
8500,36
2658,50
2771,31
8480,62
8482,70
8505,25
8506,40
8510,85
8511,15
8512,15
8513,25
8514,36
8516,55
9067,20
9068,63
8487,50
8489,35
8490,46
8497,50
8499,45
8509,40
8486,5
8504,35
8498,25
8507,40
8508,25
9069,25
2662,39
9070,80
8002,84
8003,68
8004,96
8005,60
8006,76
8007,40
8008,96
8009,60
8010,96
8011,104
8012,72
8013,44
8014,80
8015,48
8016,48
8017,84
8018,56
8019,68
8020,64
8021,76
8022,32
8023,52
8024,28
8083,44
8655,52
8942,80
8943,64
2466,36
7144,68
8026,48
8027,44
8028,44
8029,48
8030,40
8031,36
8032,40
8033,36
8034,52
8035,28
8036,68
8037,132
8082,96
8622,36
8944,48
8945,36
8040,40
8041,44
8042,32
8043,64
8044,56
8045,44
8046,36
8047,68
8048,56
8049,40
8050,92
8053,20
8054,72
8055,36
8056,28
8057,24
8629,80
8058,45
8059,10
8060,44
8061,10
8063,65
8064,70
8065,35
8066,35
8637,20
8067,30
8068,45
8069,15
8070,25
8071,29
8072,40
8080,37
8081,10
8651,50
8947,16
8073,30
8074,40
8075,15
8076,42
8077,31
8078,26
8641,25
8001,60
8623,36
8624,56
8625,64
8626,60
8628,48
8630,40
8631,52
8632,64
8633,72
8634,64
8635,72
8636,68
8638,0
8639,48
8640,84
8642,72
8643,56
8644,64
8645,24
8647,56
8648,24
8649,40
8650,20
8652,48
8708,44
8934,56
8936,60
8937,28
8939,60
8940,60
8941,52
9346,84
9409,72
9410,72
9411,68
9412,96
9414,68
9415,64
9416,60
9417,60
9418,64
9419,80
9420,88
9421,44
9422,72
9424,52
9426,76
9474,64
9427,68
9428,64
9429,112
9430,128
9431,52
9432,52
9433,56
9434,40
9435,80
9436,32
9437,72
9438,100
9441,88
9442,52
9443,68
9444,60
9445,88
9446,60
9448,32
9449,52
9450,55
9451,15
9452,40
9453,60
9454,35
9455,55
9456,100
9457,29
9468,70
9469,55
9472,10
9458,45
9459,35
9461,45
9465,45
9466,39
9473,20
9462,25
9463,30
9464,35
8743,80
9385,80
9387,80
9388,80
9389,80
9390,64
9391,80
9392,72
9395,32
9396,80
9397,80
9398,80
9399,92
9400,72
9401,72
9402,48
9403,64
9404,48
9405,52
9406,40
9407,32
9539,68
9545,72
9546,76
9547,72
9548,48
9549,68
9550,40
9551,76
9552,56
9553,60
9554,72
9555,88
9556,100
9558,84
9559,76
9560,56
9561,56
9562,36
9563,112
9564,92
9565,116
9566,80
9567,104
9568,112
9569,88
9570,76
9571,36
9575,84
9594,76
9595,52
9597,28
9598,56
9599,76
9601,56
9602,20
9603,32
9605,44
9606,48
9609,44
9610,76
9611,60
9612,52
9613,72
9614,60
9615,32
9616,72
9617,28
9618,28
9493,60
9494,72
9495,80
9496,68
9497,40
9498,56
9499,68
9500,44
9501,52
9502,20
9504,24
9505,36
9506,48
9508,64
9509,60
9510,40
9511,64
9512,56
9514,52
9515,28
9516,60
9517,44
9519,32
9520,68
9523,48
9526,44
9527,44
7437,25
4570,76
8611,60
2475,104
4051,80
5581,128
9627,36
3132,116
9302,84
3629,112
7346,60
2169,63
8428,84
8410,60
7568,56
2829,112
9056,72
1802,105
3462,112
4338,96
8243,68
9326,52
2040,104
8202,10
3857,84
4452,72
5605,88
4428,80
3193,46
5732,60
2875,100
2931,60
8991,91
8838,96
3122,84
2871,100
1220,72
3998,112
4339,72
3066,108
770,112
4855,116
4663,40
4664,88
2769,88
523,94
881,79
5496,50
2598,96
4551,84
89,84
5799,92
5800,60
9304,44
4132,60
2569,88
4899,72
3982,84
3565,100
3520,56
5798,108
2734,108
2130,85
3129,104
8273,84
725,108
4127,88
321,96
3710,96
3130,120
4787,68
8179,56
8407,64
7390,84
3724,108
2369,96
3793,92
2790,88
2789,92
4796,76
8557,44
4755,56
4914,80
5674,72
5682,60
5684,84
5685,72
5687,80
5690,64
5025,85
840,68
1568,74
4113,104
3170,112
2784,80
3344,100
7807,52
932,104
1636,90
9408,48
3821,100
3615,92
3110,52
7630,60
459,65
3776,76
2108,120
3516,96
5036,79
3752,56
8929,72
3745,104
4314,64
8445,116
3920,92
5487,52
5489,100
5491,72
5493,76
5500,96
5502,84
5503,56
5488,84
5490,84
5492,88
5495,68
1648,50
4942,15
5494,62
5498,30
5499,55
5504,30
2026,100
5486,25
5497,40
8349,29
3180,100
3179,105
7507,36
1748,84
4662,64
2908,88
8364,32
9089,100
2725,108
3304,96
3753,60
9023,99
3447,116
4326,39
9312,96
4431,120
3142,108
3606,100
101,104
3440,72
3651,92
2876,92
3156,68
3256,84
3621,104
4691,120
7998,80
4979,96
1658,100
7342,52
9826,56
9933,60
4248,56
5918,64
9649,68
6063,68
6114,30
9709,45
8949,-1
8773,92
6180,10
4980,61
4989,60
5020,55
7540,52
8574,108
1056,96
8749,56
2534,88
1058,40
4498,72
1057,31
1727,100
4865,120
2925,76
3759,120
7481,112
4682,60
5771,92
3626,72
3356,80
2486,104
2728,124
8970,52
4365,80
3330,101
4866,104
180,116
1540,35
4540,72
8357,70
2705,72
4586,76
7610,104
8531,68
470,92
5805,108
3756,80
3755,92
8988,72
3573,92
3633,52
3613,92
7523,55
3395,52
7522,36
562,92
787,41
1119,56
1907,108
128,100
773,108
4870,80
836,91
1992,100
8332,56
7386,100
8761,100
4960,72
8563,88
4344,96
4086,96
4793,72
4613,44
3057,125
5576,76
1717,100
5703,52
4687,70
3234,68
3437,96
5588,44
4608,104
1518,68
3763,65
5736,88
3703,112
4459,76
1694,112
5789,92
3171,68
9029,60
8478,70
7400,104
8758,100
8251,76
3068,120
8353,48
4696,76
2884,68
8229,68
3634,88
8883,84
3226,96
9149,40
3101,100
3816,72
5776,76
3475,76
8308,60
7148,48
629,76
4134,72
4409,104
4588,64
1703,124
8140,80
5593,100
3792,68
8405,36
4715,70
9044,76
5475,95
7322,104
8594,60
2588,108
1774,88
2388,85
7156,76
2085,72
5434,92
7451,68
7153,96
8569,35
8567,100
159,81
5712,100
5557,104
4294,72
8605,52
5421,100
1103,64
8584,100
1104,30
8351,72
8350,62
8590,76
8614,65
4562,84
4632,64
8602,60
8586,84
7510,72
3807,92
4710,44
5432,80
2838,88
2365,116
2638,88
4493,92
7427,60
2214,92
2581,112
4649,52
3551,100
1936,72
8538,84
2868,86
1993,104
4228,108
807,65
2870,84
8232,52
9078,80
5719,80
5694,40
3467,92
4932,85
1124,92
682,131
2128,37
2129,76
2080,104
1484,112
3357,100
4381,76
978,63
979,92
4964,92
8589,68
2300,96
4598,120
2224,84
4535,64
4806,60
3320,104
3611,116
4673,44
553,88
3738,108
8968,71
2162,76
2865,100
4455,40
4311,71
4445,112
8336,60
3507,88
3928,61
3248,68
2425,105
831,35
848,29
4173,108
8237,68
5616,45
4056,88
331,91
3404,112
3047,112
3262,72
220,112
7640,112
7563,96
2744,124
1769,96
1779,104
571,60
7417,39
8748,104
4985,48
7418,60
3088,72
7473,56
3477,96
6546,60
388,120
3287,72
3245,68
8216,60
854,72
4908,72
3343,92
8819,35
5430,88
2116,112
8381,72
3558,120
5008,96
3695,84
11001,35
1670,50
4504,92
9491,80
2414,100
7631,72
2200,108
2294,96
2199,60
2489,56
5767,84
4236,68
4373,84
3864,100
4512,80
1685,54
4569,76
5573,44
2913,76
5449,36
4287,85
9332,84
2384,60
3207,55
5763,100
7443,72
4893,76
4479,76
4241,120
301,50
2167,116
2159,100
1999,68
5639,62
5751,56
1945,55
7161,45
949,96
2156,112
1060,56
7455,76
2639,84
3652,100
8559,72
9634,48
2517,84
671,83
4891,84
5601,48
4739,95
4740,104
7160,84
6107,25
3983,104
4454,60
639,86
6054,92
5842,68
4380,52
2910,108
7445,48
9053,92
1674,104
4189,72
4733,104
4887,92
4763,76
11038,37
4578,76
6436,64
11040,56
11041,64
937,88
8272,68
8578,100
8595,100
2186,72
8225,44
2767,64
1288,91
8224,68
9030,36
11055,76
11056,68
11057,68
7392,68
4402,92
11065,76
11059,24
11060,32
11064,36
11070,56
11066,32
11069,44
11061,68
11063,60
11067,52
11071,32
11054,25
11068,35
2793,88
4835,64
3339,104
8366,72
3741,100
7637,24
5727,88
7372,30
3669,88
9018,72
11042,60
11043,13
4062,88
3215,36
11046,80
11051,84
11052,120
11053,84
11048,52
11049,44
11050,60
11047,20
3823,64
5963,68
5965,88
5967,40
5968,44
5971,48
5972,40
5981,92
5984,104
5988,48
5991,28
6000,52
6006,60
6007,44
6009,84
6012,48
6021,64
6023,88
6029,36
6037,104
6039,48
6046,56
6050,60
6052,56
6055,76
6060,56
6065,80
6066,32
6070,48
6072,96
6076,108
6079,72
6082,48
6083,48
2996,112
5443,65
6098,35
6100,-5
6103,30
6106,-20
6108,30
6111,30
6112,40
6115,65
6116,15
6124,33
6125,30
6126,-5
6127,30
6131,7
6132,-5
6136,35
6139,83
6143,60
6144,40
6148,30
6150,25
6152,50
6153,70
6159,65
6162,70
6168,30
4419,48
5791,80
6172,31
6175,35
6187,20
640,92
6192,35
6195,60
6197,30
6198,42
6200,73
6204,11
6206,74
6207,5
6209,80
6212,45
6451,40
8972,92
4597,56
2918,108
2916,86
9585,68
4762,60
4761,47
1182,120
8446,76
5702,32
3354,88
9630,104
2208,80
4737,68
3211,100
5592,84
8265,38
5594,96
4103,72
8266,100
3377,104
9638,52
760,105
1643,120
4676,68
3641,112
4342,60
8782,84
1073,92
3609,72
1072,28
4895,100
2264,76
907,64
8768,72
8897,60
9357,52
2564,104
8187,96
3326,68
3154,100
1940,45
1941,20
4807,70
6088,44
2363,112
10949,68
4336,45
7605,60
8322,48
8317,92
1781,100
2773,72
1872,84
12111,87
11005,120
1608,104
7592,80
9014,60
4644,72
7609,44
7329,60
5797,64
7356,40
1900,20
7357,80
1901,76
8444,52
5034,64
3389,112
6163,45
7436,60
4861,68
4742,72
4743,-3
2118,92
4389,56
7566,44
819,130
4780,68
784,100
356,76
4430,68
2524,88
5989,68
6031,24
6133,45
6156,70
6160,40
3693,104
527,100
3735,96
5647,80
5648,84
1825,116
1826,108
4393,100
3546,100
3664,108
3665,64
3666,80
9624,60
4832,60
4767,84
568,100
8598,72
570,80
4907,116
12647,68
4906,96
5606,84
9348,116
4734,35
8600,64
4868,100
3459,92
3076,108
1307,67
3729,96
4800,92
3486,92
7521,35
4404,80
2405,100
731,75
2634,132
3107,108
6543,52
4933,108
1924,60
1556,96
8352,56
7335,64
8562,60
2013,40
3785,84
7469,36
7406,72
2232,65
8088,68
4805,132
2218,84
4370,112
2727,108
2058,92
2514,80
1955,116
689,65
2430,60
7345,44
3246,48
1116,73
1817,108
3733,112
972,59
3673,96
8570,68
4565,92
2077,96
359,116
7454,52
8230,84
4770,84
7440,52
4633,80
5454,5
5535,130
5043,84
2180,72
2242,76
4674,104
4407,95
4283,76
4630,64
736,100
2124,88
9308,72
4897,35
308,50
2076,95
7984,56
5785,51
4415,120
4414,100
2715,110
2714,38
8737,68
4449,106
5806,108
12678,68
8985,80
8341,64
2888,84
4435,80
3584,92
9639,45
805,92
2423,92
7468,76
3398,92
6557,68
2086,112
4658,48
2704,75
3282,52
3283,92
1638,92
2553,67
2554,100
8774,108
9376,68
1962,116
1768,60
4405,84
4446,60
1112,84
2693,68
3489,72
4634,48
8467,72
12667,108
3661,88
5448,50
5628,96
9309,48
2810,100
3184,108
5634,52
8607,80
1745,88
7458,48
5423,56
3015,84
1624,116
3760,88
1785,116
3589,128
9588,104
7338,80
5656,75
3414,85
2088,84
3860,92
4864,48
8619,52
686,112
2880,73
3701,68
3740,84
5428,96
7515,44
4441,115
1535,112
4142,80
8372,36
1675,128
4495,89
3438,40
1847,96
3192,65
4636,20
8608,72
7368,32
4837,72
4397,96
3511,92
3365,112
3580,100
5758,40
4530,56
4392,76
5505,92
3133,100
4331,64
7580,64
1308,50
2194,80
3559,108
2011,100
5595,92
4970,108
2797,84
3275,125
7461,104
1883,55
7619,80
2716,25
4577,80
1237,85
4875,73
8596,60
4550,60
721,76
734,92
355,104
1481,80
3430,116
8456,68
7491,56
3383,92
3865,112
3243,104
12884,80
12675,92
3432,100
869,96
2792,96
5442,50
8555,100
3337,68
3355,96
4881,96
4487,53
7419,108
669,115
3692,96
5420,56
8613,56
4856,120
8406,48
12669,9
4582,88
8466,13
2216,52
3323,104
4758,56
2994,80
2743,104
1066,93
3102,84
4782,72
10935,92
4726,88
5612,96
3713,104
3221,108
8323,96
3067,105
1771,96
660,62
8757,87
1061,105
3503,104
8355,20
7599,84
7344,76
4724,71
8389,88
1062,55
5803,92
5723,76
7588,92
2212,104
2083,71
2548,92
967,110
5590,52
8441,76
2834,108
5711,100
2284,116
2110,72
8841,112
2710,76
8304,76
8260,92
8342,72
7980,92
2571,80
8530,48
4572,72
7429,88
4537,68
9051,80
2091,64
7595,108
1645,104
5658,40
1853,100
7621,72
7795,40
4653,112
1063,63
4684,67
9341,42
763,59
5433,52
8978,48
4709,44
6559,68
8604,72
7438,44
7434,56
5485,80
5790,64
2120,108
1526,45
3340,94
8211,68
12644,36
4690,68
8471,92
587,84
8337,68
4831,64
9049,84
8579,104
5609,100
2126,76
3352,56
5786,5
5440,45
1467,110
12661,2
4694,60
5611,100
2794,36
2780,60
4738,76
4872,52
5663,88
4371,65
4873,36
8974,60
2839,80
703,80
7369,52
1975,112
1678,110
1215,93
8738,92
2202,24
3722,84
7981,52
1920,108
7983,80
67,108
4795,53
8582,80
5474,101
1988,88
3856,96
3871,84
5462,58
7467,68
3702,92
2153,88
8537,44
5801,80
3465,76
5802,72
3495,45
9330,76
3434,112
4883,52
5807,80
4385,56
420,106
3779,72
8609,64
8556,84
4605,56
3487,92
3439,80
7803,84
5587,65
5589,73
5456,48
8592,44
9012,50
1925,100
3560,44
12060,0
901,88
9654,68
3595,83
3599,100
3513,76
7804,76
8223,60
7494,60
8294,72
7358,92
8930,108
8580,88
3413,108
7995,50
3806,72
8105,64
7607,55
8581,72
8367,56
4090,88
8347,80
7399,80
645,73
4829,68
12907,56
7802,68
2549,92
1037,104
524,80
8597,52
8777,60
4171,104
7671,52
8411,48
8458,76
8269,68
1083,86
8453,52
7971,40
12908,37
2228,92
7985,60
7449,96
1133,38
2251,116
11203,32
1174,68
8561,68
7413,40
2920,90
8417,80
4686,52
4346,64
3008,96
8603,84
7420,56
2292,56
5470,88
3424,56
3472,44
3011,76
2140,96
3762,96
4296,60
3273,52
8601,60
12894,60
8599,72
8653,72
3276,95
9196,84
927,54
3988,64
7614,60
8616,20
8544,48
8746,68
9086,64
4971,96
5413,80
8221,84
5784,55
1580,100
12923,84
4420,84
2745,80
2078,84
702,77
368,92
12896,80
3055,90
3109,64
12924,120
2008,52
7444,76
12930,60
666,116
8983,32
9037,77
7474,55
1808,116
4448,84
8365,68
4198,64
4846,36
4659,85
8515,60
5033,76
8618,68
4764,41
8147,92
11075,88
1666,100
8492,72
738,84
1065,64
1980,101
10232,45
12936,52
1823,108
4753,50
3001,104
8335,45
5458,42
8965,80
4901,95
5794,48
4697,92
4902,106
9587,70
5754,104
5459,60
12911,92
7453,108
5769,40
12674,96
8588,52
5792,48
3126,68
8409,76
5774,100
5435,55
8475,96
8476,42
3556,85
8535,48
2403,75
8263,60
8362,68
5735,5
5615,48
9665,24
8933,76
4854,92
1801,55
3228,100
3281,72
3203,68
3549,80
4466,84
12942,64
9581,72
8564,124
8577,92
8415,96
8201,84
6454,34
12900,72
12987,56
6215,104
12931,-5
2106,45
1625,112
9583,48
4654,41
4678,40
7323,92
4424,60
12959,64
9307,7
7806,60
4048,96
12915,63
12905,68
7411,84
1092,108
7577,64
2765,80
2020,48
9590,68
7805,49
5701,68
7457,30
8474,60
4648,64
5560,28
2694,132
5720,84
13028,84
1893,88
8953,84
8222,72
7999,76
6480,10
2726,88
5586,68
3349,108
12983,104
3552,104
13035,88
5655,96
8267,96
2368,112
8227,48
8955,48
12999,88
5724,96
4788,44
111,104
7381,92
8610,80
12920,52
8454,45
4330,96
3969,100
5644,84
4660,39
7441,76
7450,76
13020,80
2302,40
4611,96
4938,52
4819,68
2096,88
7799,84
4112,92
8593,36
5431,96
6453,76
7452,60
2196,92
2195,81
5437,70
5439,60
5709,55
5446,49
6455,48
8615,30
3473,72
12969,31
5455,40
5461,40
7426,30
5463,32
4822,88
7446,40
5018,84
5468,71
5467,72
5472,19
5597,64
5598,76
5473,79
5708,37
5477,94
5478,90
5804,84
5480,98
7145,116
12988,90
7456,76
8111,76
5452,70
5610,36
7442,64
13053,60
9586,84
61,76
1947,91
1874,88
8736,64
2192,42
12978,56
12956,48
9584,20
12929,60
12910,40
12885,40
484,55
8233,64
7636,84
12946,80
12953,84
7499,60
12982,32
4892,52
4802,60
4750,40
4669,68
13005,84
12891,81
1790,40
9148,92
1824,68
8290,48
7472,40
1858,79
3529,104
4752,78
4144,108
4258,76
4259,92
3663,60
3300,55
7925,45
5788,15
5600,52
5787,-20
4651,104
12960,108
1005,85
5451,70
5994,64
7657,64
5445,63
3471,64
7414,40
5415,40
5558,25
5418,40
5793,76
4867,64
12971,56
1202,80
13001,98
12976,32
5444,57
12691,40
13026,40
4736,40
9036,36
9079,16
9589,68
5441,66
7524,84
4623,56
4558,84
13017,128
5450,70
12693,92
4656,36
12985,100
2494,20
3083,112
5691,48
8217,72
8973,45
5469,45
7423,52
8560,72
5438,95
5416,76
6558,56
3485,61
4935,52
9032,39
7794,50
8463,108
8228,72
7428,88
4310,30
4306,76
7513,88
7596,60
13223,80
12954,64
13076,52
13079,60
13080,68
13081,60
13082,48
13083,48
13084,48
13085,68
13087,52
13092,40
13093,72
13094,64
13095,44
13133,52
13072,72
13077,96
13090,56
13091,72
13071,64
13075,80
13089,76
13096,76
12944,84
13073,56
13097,56
13078,30
13267,100
13268,28
2663,84
13055,20
13061,95
13137,72
13171,80
13180,52
13183,44
13196,68
13204,56
13205,64
13244,52
13254,84
4573,76
9321,104
12980,92
13142,84
13153,56
13155,104
13157,92
13166,44
13168,88
13169,92
13173,92
13175,84
13188,88
13195,56
13198,76
13203,96
13216,100
13227,68
13231,80
13241,92
13243,80
13246,80
13247,76
13255,76
13259,76
13262,80
2551,96
13011,96
13138,48
13140,48
13151,64
13160,108
13164,76
13167,76
13172,84
13177,68
13181,88
13184,44
13190,60
13197,88
13200,36
13201,48
13207,88
13208,76
13209,96
13211,40
13213,40
13218,92
13225,116
13230,68
13238,108
13240,52
13242,36
13252,100
13253,88
10948,40
13136,80
13141,80
13144,92
13148,92
13152,96
13156,136
13158,68
13165,40
13179,48
13187,68
13189,80
13193,56
13199,52
13202,40
13210,56
13212,36
13215,28
13217,28
13219,44
13222,60
13226,100
13228,52
13234,52
13236,100
13248,64
13134,80
13143,64
13145,84
13146,100
13147,52
13154,44
13159,40
13163,92
13174,96
13182,100
13185,36
13192,64
13194,84
13220,108
13237,56
13256,76
13258,104
13170,50
13186,60
13191,95
13206,50
13224,50
13232,45
13235,30
13239,65
12916,30
13149,15
13161,70
13233,45
13251,51
13260,58
13139,55
13162,50
13176,45
13245,55
13250,52
13257,40
13135,90
13249,52
13261,47
3979,112
12955,92
13010,96
13021,108
13128,76
808,81
13285,76
13286,48
4650,84
7567,48
6562,20
6540,35
4652,28
13274,84
13327,96
13639,76
13644,20
3118,88
13637,76
5608,44
3264,80
3537,88
13463,72
1245,48
517,80
9591,104
7463,52
3024,60
5604,44
13723,56
9297,64
4812,24
5657,104
5453,51
7424,96
7433,44
8400,80
13656,36
2143,72
7432,30
5447,40
2633,71
5471,71
7447,88
4911,60
13040,84
13973,35
13309,64
13277,48
13974,87
13975,60
13977,20
14075,56
14079,5
13111,3
3706,80
8905,88
14197,80
14201,68
3656,100
13461,68
13038,15
14205,15
14236,53
14237,45
4417,108
14241,91
9963,112
14442,76
13671,76
13683,64
9690,68
9691,104
9692,60
9693,84
9694,76
9695,80
9696,88
9697,60
9698,72
9699,48
9700,88
9701,64
9703,84
9704,72
9705,96
9706,72
9707,80
9708,68
9710,68
9711,60
9712,44
9713,36
9714,52
9715,80
9716,80
9718,60
9719,72
9720,84
9721,64
9722,44
9723,92
9724,76
9725,80
9726,96
9727,80
9728,68
9729,40
9730,88
9732,80
9733,88
9734,80
9735,44
9736,56
9737,56
9738,72
9739,88
9740,36
9741,80
9742,108
9743,100
9744,40
9745,92
9747,68
9748,68
9749,100
9750,96
9751,64
9752,72
9753,104
9755,96
9756,100
9757,100
9758,24
9759,52
9760,28
9761,88
9762,68
9763,48
9764,100
9765,60
9766,12
9767,96
9768,56
9769,56
9770,68
9771,104
9772,84
9773,56
9774,76
9775,60
9776,88
9778,40
9779,56
9780,108
9783,76
9784,80
9785,68
9786,80
9787,48
9788,32
9789,52
9790,68
9791,56
9792,60
9793,64
9794,76
9795,60
9796,48
9797,60
9798,60
9799,72
9800,60
9801,56
9802,56
9803,72
9806,48
9807,64
9808,68
9809,48
9936,52
9937,80
9938,96
9939,108
9940,60
9941,80
9942,60
9943,72
9944,84
9946,72
9947,80
9948,36
9950,88
9951,60
9952,68
9953,48
9954,36
9955,28
9956,56
9958,88
9959,64
9960,60
9961,64
9962,60
9964,36
9965,72
9966,48
9967,72
9968,44
9969,40
9970,80
9971,52
9972,96
9973,72
9974,76
9975,68
9976,28
9977,36
9978,28
9979,32
9980,48
9981,60
9982,92
9984,68
9985,80
9986,64
9987,44
9988,56
9989,52
9990,100
9991,72
9992,24
9993,68
9994,60
9995,40
9996,64
9997,24
9998,40
9999,64
10000,64
10001,96
10002,92
10003,64
10004,64
10005,64
10006,4
10007,56
10008,88
10009,60
10010,52
10011,52
10012,56
10013,44
10014,80
10015,84
10016,88
10017,80
10018,100
10019,60
10020,48
10022,72
10023,40
10024,68
10025,60
10026,104
10027,48
10028,64
10030,60
10032,60
10033,68
10034,44
10035,68
10036,24
10037,108
10038,80
10039,40
10040,52
10041,52
10042,72
10043,68
10044,68
10045,80
10047,96
10048,80
10049,92
10050,48
10051,92
10052,84
10053,84
10054,52
10055,80
10057,48
10058,68
10059,68
10060,48
10061,40
10062,64
10063,64
10064,28
10065,44
10066,88
10067,92
10068,68
10069,84
10070,64
10074,52
10075,52
10077,64
10078,52
10079,72
10080,60
10081,52
10082,64
10083,88
10084,80
10085,64
10086,76
10087,64
10088,64
10089,84
10090,32
10092,60
10093,104
10094,72
10095,64
10096,104
10097,28
10098,24
10099,100
10100,44
10101,60
10102,44
10103,96
10104,96
10105,56
10106,52
10107,96
10108,36
10109,76
10110,68
10111,40
10112,104
10113,92
10114,44
10115,76
10117,88
10118,64
10119,52
10121,72
10122,68
10123,56
10124,52
10125,44
10126,72
10127,56
10128,40
10129,64
10130,52
10131,44
10132,20
10133,48
10134,40
10135,44
10137,48
10138,44
10141,68
10953,52
10954,80
3510,48
10142,40
10143,68
10144,24
10145,40
10146,0
10147,64
10148,56
10149,32
10150,28
10151,40
10152,44
10153,80
10154,40
10155,52
10156,72
10157,44
10158,20
10159,56
10160,48
10161,48
10162,40
10163,28
10164,36
10166,52
10167,28
10168,80
10169,40
10170,88
10171,32
10172,36
10173,44
10174,20
10175,40
10176,56
10177,40
10178,36
10179,40
10181,52
10182,24
10183,52
10185,32
10186,52
10187,0
10188,28
10189,40
10190,40
10191,32
10192,44
10193,68
10194,32
10195,104
10196,64
10198,32
10199,52
10200,68
10201,40
10202,64
10203,20
10204,48
10205,36
10206,20
10207,32
10208,24
10209,40
10210,28
10212,68
10214,40
10215,56
10216,68
10217,32
10218,36
10219,36
10220,96
10244,48
10245,56
10246,100
10247,52
10248,52
10249,24
10250,72
10251,48
10252,40
10253,32
10254,44
10255,40
10256,24
10258,52
10259,80
10260,52
10261,56
10262,28
10263,36
10265,48
10266,40
10267,28
10268,52
10269,32
10270,56
10271,36
10272,32
10273,60
10274,28
10275,48
10276,36
10279,84
10280,64
10281,68
10282,24
10283,32
10284,60
10285,44
10286,32
10287,20
10288,44
10290,28
10291,56
10292,44
10293,32
10294,44
10295,56
10296,32
10297,28
10299,32
10300,40
10301,32
10302,36
10303,40
10304,20
10305,32
10306,48
10308,88
10309,80
10310,32
10311,56
10312,28
10314,68
10315,64
10316,40
10317,72
10318,40
10319,48
10320,28
10321,40
10322,36
10323,0
10956,32
10957,52
10958,32
11013,36
12770,56
12799,60
12802,52
12812,48
12814,52
12825,76
12827,48
12828,72
12837,56
12871,88
12875,48
13047,4
13062,84
13467,76
13470,56
13481,64
13485,68
13487,60
13488,72
13502,28
13504,76
13507,60
13508,60
13513,56
13514,88
13520,56
13522,44
13523,60
13524,44
13525,68
13528,80
13529,64
13531,80
13536,64
13537,56
13538,72
13853,84
13855,76
11008,72
12775,108
12778,52
12781,56
12783,84
12788,72
12790,80
12795,4
12798,88
12805,40
12806,68
12815,44
12823,72
12830,76
12838,96
12848,96
12850,88
12851,96
12852,68
12854,72
12855,76
12858,88
12866,28
12867,64
12868,80
12869,76
12874,68
12877,72
13014,60
13464,80
13476,80
13479,76
13482,68
13484,64
13489,88
13490,88
13492,44
13497,72
13499,100
13510,100
13530,96
13540,44
13852,52
1562,136
12659,60
12771,28
12777,16
12784,32
12789,20
12793,36
12794,132
12800,28
12803,36
12808,12
12809,112
12810,36
12813,100
12818,12
12831,60
12832,44
12833,40
12839,8
12842,48
12845,40
12853,36
13046,36
13465,44
13472,48
13480,12
13483,48
13486,36
13503,52
13512,56
13518,72
13521,128
13527,88
13534,32
13535,48
13539,48
13315,44
13389,56
13451,72
13453,64
13454,68
13686,72
13699,64
13710,56
13732,52
13749,72
13758,64
13771,48
13774,60
13777,76
13778,76
13780,48
13783,68
13787,64
13802,76
13803,44
13804,68
13807,48
13819,56
13828,68
13836,64
13838,52
13842,68
13970,80
13971,64
13972,72
13980,64
14074,72
14077,56
14086,56
14087,36
14088,60
14089,72
14091,48
14092,84
14093,60
14095,60
14096,60
14097,40
14100,52
14104,72
14230,48
13684,68
13763,80
13775,84
13785,100
13788,64
13797,40
13829,68
13832,72
13846,44
13847,96
14186,56
13623,108
13741,68
13746,48
13811,72
13818,20
13825,88
13844,44
13956,28
13958,56
14101,24
13129,60
13310,68
13556,48
13562,48
13574,64
13581,52
13584,56
13589,84
13591,68
13597,64
13619,52
13620,72
13622,60
13626,72
13627,56
13653,56
13740,40
13745,60
13752,64
13759,52
13761,44
13789,56
13790,80
13800,56
13805,84
13816,44
13824,64
13826,44
13830,52
13835,60
13843,52
13848,80
13068,80
13104,92
13532,84
13546,80
13551,84
13559,80
13561,96
13563,100
13567,96
13575,100
13576,92
13590,80
13599,100
13608,68
13613,76
13616,76
13735,96
13751,76
13768,92
13769,76
13794,92
13796,68
13798,100
13809,56
13125,84
13279,72
13287,52
13548,76
13550,72
13557,120
13558,108
13569,48
13607,28
13609,112
13614,100
13615,44
13648,124
13692,52
13776,52
13782,40
13812,80
13834,52
13837,100
12582,56
12583,44
12585,64
12586,68
12588,40
12601,56
12607,64
12609,20
12610,52
12620,48
12621,36
12633,68
12636,48
12637,32
12638,60
13107,60
13270,32
13390,48
13391,48
13393,64
13397,44
13404,48
13411,64
14232,60
9489,68
9666,76
12587,48
12595,48
12611,84
12623,56
12624,72
12630,44
12634,104
13399,48
13403,76
13405,76
13407,68
13408,48
13416,64
13447,44
13859,36
13861,80
9480,80
12584,80
12591,80
12593,72
12596,76
12598,64
12599,60
12618,72
12635,84
13410,64
13414,44
13415,40
13860,56
13863,112
13726,52
13727,32
13731,64
13923,52
13926,44
13930,56
13933,60
13942,36
13947,52
13949,40
14133,20
14134,56
14140,44
14144,48
14154,24
14156,36
14158,64
14160,68
14165,72
14166,48
14171,48
14175,40
14179,36
14181,56
13709,84
13718,48
13919,96
13932,52
13945,84
13954,44
14132,88
14136,88
14141,76
14167,48
14170,48
13918,28
13921,88
13939,52
13943,40
13955,96
14128,60
14142,96
14145,80
14148,44
14161,48
14178,40
14188,88
14195,32
14247,28
14248,44
13868,68
13881,68
14116,40
13866,60
13867,76
13869,96
13871,100
13872,72
13876,76
13877,64
13878,80
13879,68
13885,96
13886,48
14107,68
14110,68
14113,60
14114,64
14118,56
14360,64
8244,84
14478,60
14479,56
12427,68
13870,52
13873,60
13874,56
13875,44
13883,76
13884,80
13887,64
14108,4
14109,60
14112,56
14401,64
9484,88
10999,80
12147,76
12163,84
12167,84
12172,80
12182,88
12185,84
12200,84
12201,44
14279,72
12160,76
12162,80
12168,92
12170,64
12180,84
12181,72
12183,92
12199,108
12655,72
12700,84
14185,48
14267,92
14271,68
14283,40
14286,64
14305,64
14311,60
14320,44
14330,88
14333,80
14336,68
12154,52
12155,40
12156,20
12161,48
12166,92
12174,80
12175,72
12178,28
12190,68
12191,28
12193,24
12195,56
12197,84
14270,64
14272,76
14295,72
14298,76
14307,40
14308,76
14316,48
14318,52
14321,56
14323,48
14326,28
14328,36
14338,64
14351,108
14352,60
14353,76
11030,88
12125,56
12126,60
12127,56
12128,60
12131,72
12132,72
12133,40
12134,72
12135,44
12136,44
12138,68
12139,68
12140,64
12141,72
12142,40
12144,40
12145,44
12146,72
12964,64
12965,52
12129,96
12966,52
9483,84
9488,84
2459,100
9325,84
9476,88
9629,80
12202,80
12203,88
12204,72
12205,52
12228,80
12241,76
12243,72
12244,80
12254,88
12259,88
12262,88
12269,84
12281,56
12285,88
12293,80
12316,48
12323,80
12327,80
12331,84
12333,80
3929,100
9313,60
11003,108
12225,104
12226,100
12227,60
12232,92
12235,88
12251,68
12252,64
12253,108
12258,76
12265,60
12273,84
12284,88
12313,76
12319,68
12322,100
12328,72
12332,96
12334,80
12337,84
12921,96
13426,84
13427,92
13435,84
13439,80
13903,76
13904,80
13906,100
13912,84
3907,76
3955,136
4126,68
9317,76
9372,40
12223,60
12224,52
12239,44
12242,36
12248,68
12267,48
12294,68
12300,92
12315,120
13296,44
13425,12
13894,56
13900,64
13905,76
13910,52
9490,72
9643,84
9647,60
9675,56
12339,52
12343,84
12344,48
12345,48
12346,52
12415,88
12420,64
12431,72
12433,80
12439,80
12444,84
12448,84
12463,60
12470,76
12471,76
12478,84
12479,80
12483,56
12492,76
12504,44
12509,88
12515,88
12528,32
12536,84
12569,56
12572,72
13432,84
13914,64
14119,92
14120,68
9361,96
9633,80
9653,64
12338,84
12347,96
12396,68
12397,88
12398,60
12399,92
12400,88
12401,76
12403,68
12404,44
12405,68
12408,76
12412,76
12414,60
12416,84
12417,68
12419,56
12429,96
12434,88
12440,92
12449,92
12451,60
12461,48
12466,92
12472,84
12473,40
12512,88
12522,28
12524,48
12529,92
12531,64
12551,80
12552,84
12567,72
12575,88
12578,48
12657,60
2703,60
3879,68
3918,64
4804,72
9342,48
9355,60
12391,128
12392,48
12425,68
12438,72
12456,44
12465,64
12480,68
12496,44
12534,64
12540,44
12545,60
12561,44
12574,116
12577,48
9022,88
9040,76
9052,64
9303,88
10073,64
11157,92
11166,40
11168,72
11199,84
11205,88
11212,68
11233,92
11312,84
11324,76
11326,52
11339,56
11379,92
11386,76
11387,60
11412,72
11415,88
11420,80
11439,88
11441,92
11442,88
11443,88
11465,76
11472,76
11488,76
11504,72
11505,68
11507,72
11542,68
11549,88
11564,72
11565,44
11581,84
11583,80
11603,80
11610,72
11614,88
11616,84
11624,80
11626,52
11634,64
11644,84
11651,72
11665,76
11671,72
11680,84
11698,48
11729,72
11746,84
11752,68
11753,72
11755,84
11801,72
11814,60
11819,80
11820,84
11836,92
11849,88
11850,64
11875,68
11892,76
11930,80
11969,88
11977,88
12000,72
12003,80
12004,76
12010,76
12012,68
12019,68
12033,88
12040,76
12049,72
13634,44
13635,60
13658,48
13669,72
1672,60
1809,76
2576,80
2772,100
9009,84
9027,96
9039,52
9046,96
9299,88
9349,76
11083,80
11088,68
11093,40
11095,80
11100,92
11103,76
11104,68
11105,72
11111,72
11139,92
11154,80
11194,88
11224,84
11267,64
11302,88
11323,84
11330,84
11333,92
11337,76
11346,64
11349,72
11358,60
11364,60
11366,52
11377,84
11384,72
11393,72
11394,88
11398,36
11408,100
11410,88
11417,88
11430,80
11451,72
11466,84
11480,56
11492,76
11494,88
11499,96
11522,72
11530,64
11531,72
11534,84
11554,92
11559,84
11587,80
11596,96
11597,84
11599,56
11623,84
11632,64
11633,60
11638,84
11652,76
11654,40
11658,52
11662,92
11668,68
11693,96
11712,64
11718,76
11734,84
11749,92
11757,84
11768,28
11785,68
11791,76
11802,64
11803,76
11829,84
11833,80
11839,88
11871,72
11872,84
11874,100
11882,80
11888,48
11913,84
11928,76
11931,36
11958,76
11959,64
11960,84
11964,64
11979,104
11982,72
11985,68
12016,52
12018,80
12020,76
12048,92
12054,92
12055,96
12972,40
13273,72
2928,64
4351,100
9017,88
9059,84
9084,76
9300,80
9319,48
9333,64
11097,68
11101,108
11107,104
11114,92
11118,56
11152,92
11182,72
11211,100
11248,100
11283,80
11305,68
11306,80
11317,88
11332,72
11360,48
11370,44
11376,72
11392,80
11402,44
11424,116
11434,100
11437,76
11476,88
11493,72
11508,52
11525,72
11557,92
11591,76
11592,88
11595,80
11619,92
11670,68
11672,88
11674,96
11677,36
11678,112
11688,104
11705,72
11723,56
11724,96
11735,108
11737,52
11798,36
11813,84
11863,52
11883,100
11887,96
11895,84
11899,44
11902,100
11912,72
11948,104
11970,88
11993,60
11994,32
11999,56
12014,52
12024,28
12032,56
12035,48
12649,96
12650,60
12890,68
13033,88
14385,96
9227,64
9294,44
12077,56
12081,32
12085,76
12088,64
12093,75
12094,56
12096,64
12100,68
12108,60
12112,88
2992,72
3041,80
3600,88
12078,84
12083,92
12091,56
12095,80
12097,56
12121,72
12652,68
3912,72
12066,72
12070,44
12092,24
12102,32
12103,40
12113,100
14705,100
4880,76
3861,76
14361,96
14371,72
14372,96
14384,84
14412,88
14414,92
14434,92
14437,92
14493,76
14495,88
14496,76
14500,108
14504,96
14505,104
14506,100
14511,88
14516,88
14517,88
14518,68
14519,56
14522,96
14524,60
14527,56
14530,100
14531,88
14532,68
14533,112
14536,96
14538,88
14544,76
14547,64
14549,64
14552,84
14553,76
14561,88
14563,76
14564,96
14565,52
14571,64
14572,68
14574,76
14576,104
14577,44
14582,92
14583,48
14590,88
14603,92
14605,92
14618,72
14628,92
14629,96
14634,92
14638,84
14642,64
14645,88
14650,80
14656,88
14666,80
14667,96
14668,60
14673,84
14676,76
14677,52
14678,84
14679,60
14686,88
14695,84
14701,88
14703,100
14398,96
14418,60
14433,108
14477,92
14492,104
14498,68
14501,72
14503,76
14507,36
14512,56
14521,44
14523,80
14528,84
14540,64
14548,108
14556,56
14562,100
14567,48
14568,52
14570,64
14579,88
14591,112
14594,100
14596,72
14600,104
14601,76
14606,44
14607,88
14609,64
14611,76
14614,104
14616,88
14623,84
14632,48
14639,40
14640,104
14643,64
14657,84
14661,104
14665,112
14672,104
14674,80
14675,60
14684,52
14691,32
14491,72
9224,88
12063,72
12067,52
12075,44
12079,68
12082,40
12084,68
12099,68
12105,52
12109,64
12889,72
4361,40
3877,44
8281,64
14735,52
2818,96
2901,76
3872,100
3940,104
4783,88
12684,64
13962,92
1587,112
10072,88
13984,64
9487,104
14729,60
14732,88
9344,96
13744,56
13820,56
14078,72
12950,55
13543,45
14202,52
14702,88
14741,0
8548,84
14755,60
14764,52
14769,84
8533,80
12714,84
12716,68
12717,80
12720,84
12731,84
12732,88
12736,32
12740,76
12742,80
12745,68
12751,84
12756,80
13015,76
13295,44
13318,48
13322,76
13325,80
13329,72
13332,84
13336,60
13338,76
13355,88
13363,68
13366,108
13380,88
13382,56
13657,44
13991,92
13992,56
14004,88
14012,104
14020,56
14021,64
14031,72
14032,88
14034,92
14038,72
14042,84
14043,88
14058,36
14066,64
11036,4
12712,60
12730,88
12737,80
12746,84
12747,104
12761,60
13291,52
13326,76
13340,44
13347,92
13357,56
13362,88
13369,44
13375,68
13985,8
13996,104
14000,48
14005,88
14006,68
14008,64
14015,96
14016,108
14037,72
14045,28
14048,80
14053,60
14059,92
14060,68
14068,96
14072,48
14124,80
12710,40
12719,44
12733,72
12748,112
12749,60
12755,80
13305,44
13337,100
13358,88
13360,40
13364,60
13372,112
13379,80
13385,68
13387,36
13638,68
13964,40
13993,76
13998,56
13999,60
14018,40
14023,72
14024,64
14029,72
14033,0
14041,44
14044,92
14047,52
14051,68
14052,80
14054,36
14055,68
14069,68
14070,28
7627,100
12705,108
12715,60
12738,24
12750,88
12762,36
13321,92
13331,36
13339,88
13343,48
13350,64
13354,84
13367,96
14028,20
14039,48
14073,48
12708,20
12709,25
12711,35
12723,60
12725,21
12734,40
12739,74
12757,15
12764,5
12935,64
13319,20
13324,50
13333,50
13353,10
13365,45
13378,45
14001,15
14014,45
14035,25
14121,60
12707,25
12752,69
12765,39
12766,110
13013,40
13330,64
13348,36
13356,35
13371,43
13381,21
13994,30
14064,39
12721,56
12741,80
12760,-9
12887,55
13988,42
14013,21
14030,25
14049,78
14063,46
12706,120
12713,69
12722,87
12727,54
12743,75
12763,47
12991,30
13361,70
13368,90
13997,68
14002,41
14017,41
14019,62
14027,46
14062,57
14065,82
14007,111
13359,60
14777,76
14745,76
14849,60
1865,40
14796,96
14797,80
14798,84
14800,84
14801,88
14802,56
14803,64
14804,80
14806,48
14807,36
14808,120
14809,64
14810,100
14811,48
14812,104
14813,80
14814,56
14815,64
14816,96
14817,96
14818,100
14819,72
14820,56
14821,56
14822,52
14823,100
14824,36
14825,32
14826,72
14827,68
14828,64
14829,40
14830,60
14831,65
14832,73
14834,-10
14835,35
14836,96
14837,29
14838,6
14839,25
14840,71
14861,64
14863,90
14865,10
14866,15
14867,40
14896,52
14891,70
14879,25
14897,41
14892,46
14843,64
14899,88
14938,88
14931,68
14946,60
14945,40
14944,10
14947,40
14948,70
14898,24
14954,56
7114,51
14971,88
3858,100
14858,68
14976,88
14977,88
14978,88
14979,88
14980,88
14986,44
14995,104
14376,72
13019,72
15041,20
8106,40
15052,36
15051,25
15048,60
15050,44
15049,72
15053,19
15066,76
15047,70
13088,72
14894,72
14448,88
14449,84
14450,92
14451,76
14452,84
14453,84
14454,68
14455,80
14456,80
14780,88
15081,60
15082,68
15083,66
15084,70
